{
    "r2_score": 0.8664603178027023,
    "rmse": 3.1293721570875954,
    "mae": 2.0902853281690428,
    "mape": 11.337048938411472
}
