{
    "r2_score": 0.9029159359174086,
    "rmse": 2.668246934553782,
    "mae": 1.9925615652562887,
    "mape": 10.345722629615294
}
